,cluster,caption
0,0,"a man walking down the street with his baby in a stroller. a man in a hat and shorts walking down a sidewalk. the beach volleyball tournament in Pisa. yellow flowers in the forest. a road in the woods. a man flying a kite. a car with stuffed animals in the front seat. the parking lot at the stadium. a beach house with a path leading to it. the beach in the city of Pisa. a couple relaxing on the beach. two people sitting on the beach. two men on a beach. umbrellas on the beach. a family walking on the street. a man's bare feet on the sand. a concrete bench in the woods. the beach in Pisa. people on the beach in the summer. a white wall with holes. people swimming in the sea. a man walking down the street with a star on top of his head. people at the beach. a man with tattoos on his arm. a woman sunbathing on the beach in Pisa, italy, on june. people at the beach. a beach house in the sun. a woman walking down a street in Pisa. people swimming in the sea. a white painted wall. the statue of the angel of the vatican. people on the beach. people swimming in the sea. people on the beach. a lighthouse in the ocean with waves crashing over it. people swimming in the sea. waves crashing on the rocks. a person looking through a hole in a wall"
1,1,the team of people in orange shirts. the lego world cup. the team of volunteers at the event. the team at the event. the team at the robotica event. the lego world cup. a lego table with many lego items. lego city with people on bikes. the event of the orange and black. San Giuliano Terme at the lego world convention. lego city with people and cars. the team at the end of the event. the team at the event. the team at the event. San Giuliano Terme with people and trees. a tree in the field. the lego world cup. a lego team lug event. the lego city exhibition. the lego exhibition in the city of San Giuliano Terme. the event. a lego train and a train track. a lego model train on display. San Giuliano Terme with people and animals. San Giuliano Terme in the . a lego train track and a train. lego people in a train station. San Giuliano Terme. San Giuliano Terme. lego city with people and cars. lego city with people and cars. San Giuliano Terme in . San Giuliano Terme at the lego world convention. lego city with people and cars. a San Giuliano Terme police station. a lego city on a table. a lego city with a sign that says orange team San Giuliano Terme. the event. the lego orange team lug. a lego building with a window. the event. a lego city set. San Giuliano Terme. San Giuliano Terme in the . the lego city set. lego city with people and cars. San Giuliano Terme. people at an event. a lego city with people and buildings. the crowd at the event. people at an event. the lego city event. lego building at a convention. the lego exhibition. a man and a child in front of a star wars display. the lego space station. the event. the crowd at the event. a man posing with a mandalorian. the event. the exhibition of the star wars at the fair. the event. the event. the lego space shuttle. the crowd at the event. people in a tent with orange tablecloths. the event. the event. the event. people in a tent with tables and chairs. the event. the bavarian beer festival. the event. the crowd at the festival. the event. the lego train set exhibition
2,2,"the city of Lucca at dusk. a fish on a plate. the sunset in Lucca. a view of a mountain and cars. a house in the countryside. the moon over the village of Lucca. the sunset in Lucca. the christmas tree in the city of Lucca. the statue of mary in the town square. the sunset from the window of a house. a narrow street in Lucca. the church of the saint of the dead in the village of Lucca. a street with a mountain in the background. the sunset in the countryside. the hotel in the evening. a house with mountains in the background. a view of a green field and trees. a view of a small town in the mountains. a chandelier hanging from a ceiling. a window with a curtain. a restaurant at night. the view from an airplane window. a car parked on the side of the road. the view from the street. a street in the evening. a view of the mountains and houses. a street with a mountain in the background. Lucca. a street lined with trees. a lobster pasta dish. a croissant and cheese on a plate. bread in a basket. a book shelf with two books on it. the view from the top of a hill. the hotel in the town of Lucca. a house in the countryside. the city of San Giuliano Terme, . a street in the countryside. the mountains in the background. a house with a mountain in the background. a house in the countryside. the town of Lucca. a street sign. a street. a house in San Giuliano Terme"
3,3,"the river piave in Pisa, . a baby's head on a pedestal. a sculpture of a baby in front of a church. a sculpture of a baby in front of a church. the facade of the church of Pisa in , . the church of santa maria in Pisa. the church of santa maria in Pisa. the church of santa maria in Pisa. the church of the baptistery of the baptistery of the baptistery of the. the river ponte Vecchio in Pisa, . the river ponte Vecchio in Pisa, . a woman and her dogs. a river in Pisa. the river ponte Vecchio in Pisa, . a building with a clock tower. the river ponte della valle in Pisa. the leaning tower of pisa. a church in the city of Pisa. the statue of the lion in the city of Pisa. the river at night in Pisa. the river piave in Pisa. the church of the person in Pisa. the city of Pisa, . a woman walking on a street. the river piave in Pisa, . the city of Pisa. the city of Pisa, . a cappuccino and a pastry. the river piave in Pisa, . the sunset over the river in Pisa, italy. the church of santa maria in Pisa. the cathedral of san gennaro in Pisa. the bridge of vaporetto in Pisa. the church of santa maria in Pisa. a person walking in front of a building. the city at night with the river and buildings. the river piave at night. the cathedral of siena, Pisa. the church of santa maria in Pisa. the church of sant'anastasia in Pisa, . the cathedral of san gennaro in Pisa. the river ponte Vecchio in Pisa, . a graffiti covered vending machine. a church with blue lights. the wall of the church of san marco in Pisa. a wall with a statue on it. the river piave in Pisa. people walking on a bridge. the church of santa maria in Pisa. the river ponte Vecchio in Pisa, . a graffiti on a bridge. the city of Pisa at night. the cathedral of siena, Pisa. the river vuoto in Pisa, . the cathedral of siena, Pisa. a church with statues on the roof. the facade of the cathedral of san marco. a narrow street in Pisa. the church of san giovanni in Pisa. the river vuoto in Pisa, . the river nero in Pisa, . the buildings along the river in Pisa. the river ponte Vecchio in Pisa, . the bridge of bologna, Pisa. the river at night. the river at night. the city of Pisa, . the river ponte Vecchio in Pisa, . the cathedral of siena. the cathedral of siena. the city of Pisa, . the cathedral of siena at night. the city of Pisa, . the river piave in Pisa, . the gothic building in the city of Pisa. the city of Pisa, . a church on a cloudy day"
4,4,a pond with grass and trees. a couple walking down a path lined with trees. a girl in a blue dress sitting in the grass. a road with trees and grass. a moving van on a road. a woman standing in the woods. a woman in the forest. the moon and a puddle in the road. a fox in the wild. a woman in a white shirt and jeans. a fallen tree in a swamp. two cosplayers in the woods. two girls in school uniforms. two women dressed in blue and orange. the dark forest. a woman sitting on a fallen tree. a sunset with cranes in the background. a construction site at sunset. a woman sitting on a fallen tree. a girl in a blue dress. a girl in a blue dress. two girls in anime costumes. the moon and the sky over a park. the sunset over the park. a road with trees and grass. two girls in school uniform. a woman standing on a fallen tree. a deer antler on the ground. a small plant growing on a tree. a fox in the field. a dirt road in the woods. the marsh at the north end of the lake. a deer in the woods. a woman standing in a forest. a fox in the grass. a woman sitting on a fallen tree. a fallen tree in the middle of a field. a road lined with trees. a girl sitting on a log in the woods
5,5,"a deer in the grass. a group of people playing frisbee in a yard. the water play in the camp. a church in the countryside. the church of Pisa in , . the group of people playing frisbee. people eating at a picnic table. a group of people playing soccer. the group of men at the pool. the group of people at the table. a plate of food. the people sitting at tables in an outdoor area. a group of people gathered around a table. the event of the ""festival of the sun"" in the village of Pisa. the participants of the summer camp. people eating at a picnic table. the participants of the first day of the camp. the event. the group of people in orange shirts. the people at the event. the group of people at the table. the group of people in orange shirts. the group of people in front of a barn. the group of people in front of a barn. the event. the group of people in front of a barn. people sitting at a table with pizza. the group of people at the picnic. the group of people in orange shirts. the group of people in orange shirts. the group of people in orange shirts. the group of people in orange shirts. the group of people in orange shirts. the event. the church of san giovanni in Pisa. a plate of food with french fries and coleslaw. the church of Pisa in Pisa, . an archway in an old building"
6,6,"a yellow tree in the city. the city of Pisa, . a young woman sitting at a table. a small truck parked on the side of the road. the villa in the countryside. the streets of florence. a clock and some cards. a sandwich. the city of Pisa, . a book market in Pisa. a book market in Pisa. a street in Pisa. a bunch of motorcycle stickers. a clock, a book and a clock face. various items on a table. a clock, a book and a book cover. a woman's face on a concrete block. the city of Pisa, . the city of Pisa in , . a house in the city. a sculpture in the middle of a city. the old town of Pisa, . a table with various items. various items on a table. various items on a table. various items on a table. a clock and some cards. a bunch of cards on a table"
7,7,"the piazza delle stelle in Pisa. the square of the city of Pisa. the church of Pisa in . the palace of the sicilian king person. a building with a clock on it. the facade of the church of the spanish mission in Pisa. the piazza del campo in Pisa. the old town of Pisa, . a building with many windows and statues. the church of st peter in the vatican. the church of st peter in the city of Pisa. the church of the holy cross in Pisa. a coat of arms on a building. a statue of a man in front of a building. the facade of the palace of the sicilian king in Pisa. the facade of the palazzo della signoria in Pisa, . a bust on the side of a building. the facade of the palazzo della signoria in Pisa, . a building with a bust on the side. the building of the museum of art and culture in Pisa. the facade of the palazzo della signoria in Pisa, . the palace of the city of Pisa. a sculpture in a square. a sculpture in front of a building. the church of Pisa in . the piazza del campo in Pisa, . the piazza del campo in Pisa, . the building of the city hall of pisa. the church of st lucia in Pisa. the church of st peter in the vatican. the facade of the palace of sant'andrea in Pisa. a statue of a man in front of a building. the palace of the person in Pisa. a horse drawn carriage. the bell tower of the church of santa maria in Pisa. the palace of the sicilian government in Pisa. the interior of a church. the meeting of the international association of the history of science. the statue of a man in front of a building. the old town of Pisa. the city of Pisa, . the building of the city hall of pisa. the fountain in front of the palace of the city of pisa. a fountain in the city of Pisa. the fountain of the city hall of Pisa, . the fountain in front of the building. the fountain in front of the building. the statue of the king of spain in front of the palace of the king of spain. the city of Pisa, . the piazza del campo in Pisa. the statue of the pope in front of the palazzo della civiltÃ . the church of Pisa in , . a man flying a kite in a square. a building. the italian flag in front of the building. a building with a large sign on it. the piazza del campo in Pisa. the church of the saint of the holy spirit in Pisa, . the facade of the palazzo della signoria in Pisa, . the moon over the city of Pisa. the moon over the church of Pisa in piazza san marco in p. a book market in Pisa. a book seller in front of a building. the fountain in front of the palace. the church of Pisa in , . the fountain in front of the building. the building of the town hall of pisa. a building with a lot of windows. the building of the town hall of pisa. a woman taking a picture of herself. a statue of a man in front of a building. the building of the palace of the sicilian government in Pisa. a building with a clock tower. the square in front of the cathedral in Pisa. the palace of the city of Pisa. the old town of Pisa. the church of santa maria in Pisa. the town hall of pisa. the city of Pisa. the city of Pisa. the building. the facade of the palazzo della signoria, Pisa, . the city of Pisa. the piazza del campo in Pisa, . the building of the city hall of pisa at night. the city of Pisa. the city of Pisa, . the palace of the city of Pisa. the piazza del campo in Pisa, . a building with a sign that says plaza de cavalerÃ­a. the city of Pisa. the church of santa maria in Pisa. the palace of the sicilian king in Pisa. the building of the city hall of pisa, Pisa. the building in the evening. a sculpture in front of a building"
8,8,"a painting with many people on it. a street in the city of Pisa. a painting with many people on it. a street in the city of Pisa. a painting with many different colored people. a mural in Pisa. a woman standing in front of a large mural. the mural by keith haring. the keith haring mural in Pisa. a pastry and coffee. a colorful mural on a building. a mural on the side of a building. a mural on the side of a building. a pastry and coffee. the mural in the church of the saint of the city of pisa. a table with three plates of food. a table with two plates of food. a table with a sandwich and a cup of coffee. a woman and her dog looking at a large mural. the sign in front of the building. the statue of the general of the army in the city of Pisa. a restaurant with a bicycle in the background. a man in a cafe. the leaning tower of pisa. a mural in Pisa. ovs clothing store in Pisa. a graffiti on a wall. the mural in the city of Pisa, . the ceiling of the Pisa transit authority's Pisa transit authority's new. a painting with many people on it. a woman walking in front of a large mural. a street in a city. a street in the city of Pisa. graffiti on a wall. a man in sunglasses and a red shirt. the interior of the train station. a mural on the side of a building. a black and white drawing of people. a building. a box sitting on top of a desk. the door of the church of the sainte-claire. the university of milan. the building of the school. the statue of the famous italian general, general aldo moro. the statue of the general of the army of the king of spain. a restaurant with people sitting at tables. the christmas market in Pisa, Pisa,. the leaning tower of pisa. a pirate flag flying in the wind. the city of Pisa, . the market in the city of Pisa. the city of Pisa at dusk. the christmas market in the city of Pisa. the people watching the football match. a man sitting at a table in a restaurant. risotto in a white bowl. a street in Pisa. the christmas market in Pisa. the streets of florence. a mural on the side of a building. a woman with a dog on a wall. a carousel in the city square. a building with a large mural of people. a marble altar in a museum. two people walking down a street. the leaning tower of pisa. a bus. the leaning tower of pisa with hot air balloons. a mural on the side of a building. a painting with many people on it. two men in front of a mural. a painting with many people on it. a woman posing in front of a colorful wall. a mural on the side of a building. keith haring in his studio in Pisa. keith haring and his wife. keith haring and his wife, karen, in front of the keith haring. a painting with many people on it. a woman in a floral dress and sunglasses. a woman in front of a mural. a woman standing in front of a colorful wall. a sculpture in a plaza. a woman posing in front of a colorful mural. Pisa graffiti wall. a man in front of a graffiti wall. keith haring's mural in the wall of the gallery. Pisa graffiti wall. keith haring's graffiti in the city of Pisa. a building in the city of Pisa. the keith haring mural in the city of Pisa, . a mural on the side of a building. a mural on the side of a building. a mural with many different people. a mural on the side of a building. the statue of the general of the army of italy. a statue of a man in front of a building. a statue of a man in a suit. a street lamp with three lights. the church of santa maria in Pisa. a mural with people and a television. a large mural of people. a painting. a painting with scissors and a heart. the sign of tuomondo keith haring. a mural on a building. a painting with many different animals. a painting with a man and a woman. a painting with people on it. a building with balconies and windows. a woman in a floral dress and sunglasses. the house of the poet and philosopher, kostas kostas. a restaurant with red walls and white table cloths. a dinner table with plates of food. two men in front of a graffiti wall. the leaning tower of pisa. a plate of food. a plate of food with dipping sauces. a red wall with a mirror and pictures. the market in Pisa. a woman sitting at a table with food. the market in Pisa. the map of paris. a map on the wall of a building. the map of paris. the art burger restaurant in tel aviv. two men in front of a graffiti wall. a church in the middle of a town. a building in the city. the kennedy center for the arts in Pisa, . a painting with many people on it. a painting with many different animals. a carousel in the city. a painting with people and animals. a painting. a painting with people and objects. the mural by keith haring. a mural on the side of a building. a painting with many people on it. a painting with people on it. a painting with people and animals. a mural with a man and a woman. a mural by keith haring. a man standing in front of a mural"
9,9,"a train at a train station. a train at a train station. two trains on the tracks. a train at a train station. a train at a train station. a train at a train station. a train at a train station. a train at a train station. a train at a train station. a train at a train station. a train at a train station. the train station in Pisa. a train station. a train at a train station. a train station. the sky over the train station. a train on the tracks. a train station. a train station. a train station. a train station. a train station. a train on the tracks. a train that is on the tracks. a train station. a train on the tracks. a train on the tracks. a document with a qr code. a train at a station. a train at a train station. a train station with a red, yellow and orange striped platform"
10,10,"the city of Pisa, . the columns of the building. the start of the race. the city of Pisa, . the cathedral of pisa. the cathedral of pisa. the rooftops of a city. the bell in the bell tower. the city of Pisa, . the cathedral of pisa. the roof of a cathedral. the city of Pisa, . the pisa tower. the city of Pisa, . the bell of the cathedral of st-jean-paul-de-l'arc. the city of Pisa, . the city of Pisa, . the city of Pisa. a city with a train. the bell in the tower of the cathedral of siena. the start of the race. the leaning tower of pisa. the leaning tower of pisa. the leaning tower of pisa. the crowd at the vatican. the inside of a large circular tunnel. the leaning tower of pisa at night. the start of the milan marathon. the cathedral of pisa from above. the leaning tower of pisa at night. the leaning tower of pisa. the leaning tower of pisa. the leaning tower of pisa. the city of Pisa, . the leaning tower of pisa at night. the leaning tower of pisa at night. the leaning tower of pisa at night. the leaning tower of pisa at night. the leaning tower of pisa at night. the cathedral of pisa, Pisa. the leaning tower of pisa, Pisa. the leaning tower of pisa at night. the leaning tower of pisa at night. the leaning tower of pisa. a bell in a tower. the leaning tower of pisa. the leaning tower of pisa. the leaning tower of pisa. the leaning tower of pisa. the leaning tower of pisa. the leaning tower of pisa. the leaning tower of pisa at night. the leaning tower of pisa at night. the leaning tower of pisa. the leaning tower of pisa. the leaning tower of pisa. the leaning tower of pisa at sunset. the leaning tower of pisa. the leaning tower of pisa. the leaning tower of pisa at sunset. the leaning tower of pisa. the leaning tower of pisa. the leaning tower of pisa at sunset. the leaning tower of pisa. the leaning tower of pisa. the leaning tower of pisa. the leaning tower of pisa at sunset. the leaning tower of pisa. the leaning tower of pisa. the leaning tower of pisa. the leaning tower of pisa. the leaning tower of pisa. the leaning tower of pisa. the leaning tower of pisa. the leaning tower of pisa. the leaning tower of pisa. the leaning tower of pisa. the leaning tower of pisa. the leaning tower of pisa. the leaning tower of pisa. the leaning tower of pisa. the leaning tower of pisa. the leaning tower of pisa. the leaning tower of pisa. the leaning tower of pisa. the leaning tower of pisa. the leaning tower of pisa. the leaning tower of pisa. the leaning tower of pisa. the leaning tower of pisa. the leaning tower of pisa. the bell of the cathedral of the city of Pisa. the bell in the tower of piazza san pietro. the bell in black and white. the cathedral of pisa in black and white. the cathedral of pisa. the leaning tower of pisa. the leaning tower of pisa. the leaning tower of pisa. the bell in the tower of the church of sant'andrea in Pisa. the leaning tower of pisa. the leaning tower of pisa. the leaning tower of pisa. the leaning tower of pisa. the leaning tower of pisa. the leaning tower of pisa. the leaning tower of pisa. the leaning tower of pisa. the bell tower of the cathedral of pisa. the leaning tower of pisa. the leaning tower of pisa at night. the leaning tower of pisa. the leaning tower of pisa. the leaning tower of pisa. the bell in the tower of sant'andrea. the bell in the bell tower. the leaning tower of pisa. the bell in Pisa. the leaning tower of pisa. the leaning tower of pisa. the leaning tower of pisa. the leaning tower of pisa. the leaning tower of pisa. the leaning tower of pisa. the cathedral of pisa. the leaning tower of pisa, Pisa. the pisa cathedral. the leaning tower of pisa. the leaning tower of pisa. the santa maria della croce church in Pisa, . the cathedral of pisa. the leaning tower of pisa. the leaning tower of pisa. the cathedral of pisa. the cathedral in Pisa, . the cathedral of pisa. the cathedral of pisa. the piazza del campo and the leaning tower of pisa. the leaning tower of pisa. the leaning tower of pisa at night. the cathedral at night. the leaning tower of pisa. the coat of arms of the city of Pisa. the pisa cathedral. the facade of the cathedral of siena, Pisa. a statue of a man on a building. the church of Pisa in , . the statue of the eagle on the roof of the church. the statue of mary and jesus on the roof of the church of san marco. the pisa cathedral. the cathedral of pisa. the facade of the cathedral of pisa. the cathedral of pisa. the leaning tower of pisa. the leaning tower of pisa. the pisa cathedral. the pisa cathedral. the cathedral of pisa. the pisa cathedral. the entrance to the church of the saint of the angels. the leaning tower of pisa. the facade of the cathedral of pisa. the statue of saint peter in the church of the santa maria in Pisa. the inside of a cathedral. the ceiling of the church of santa maria in Pisa. the interior of a church. the sistine chapel. the statue of the virgin mary and the three wise men. the interior of a church. the altar in the church. the interior of a church. the interior of a church. the interior of a cathedral. the interior of the cathedral of siena. the statue of the child in the church of the baptistery. the altar of the church of siena. the interior of a church. the painting in the cathedral. the painting of the holy family in the church. the baptistery of siena. the sign. the dome of the church of the person. the interior of a church. the inside of a cathedral. the pisa cathedral. the interior of the cathedral of siena. the tomb of saint peter in the church of the sainte-claire. the ceiling of the baptistery of pisa. the tomb of saint peter in st peter's basilica, Pisa. the altar of the church of Pisa in , . the floor of the church. the sistine chapel. the leaning tower of pisa. the interior of a church. the altar in the church. a stained glass window in the cathedral of san marcos in Pisa, . a church with a statue of a bull. the ceiling of the sistine chapel. the cathedral of pisa. the baptistery of sant'andrea in Pisa. the baptistery of sant'andrea in Pisa. the baptistery of siena. the altar of the church of santa maria in Pisa. the interior of the church of sant'anastasia. the dome of the cathedral of siena, Pisa. a woman taking a picture of a fountain. the interior of the cathedral of pisa. the ceiling of the church of sant'anastasia in Pisa. the interior of the church of Pisa. the tomb of john watson. the inside of a church. the leaning tower of pisa. the altar of the church of siena. the interior of the cathedral of siena. the statue of the three nuns in the church. the door of the church of the holy sepulchre in Pisa. the cathedral of pisa. the leaning tower of pisa. the interior of a church. the altar of the church of Pisa in piazza san marco in r. the inside of a church. a church with hanging lamps. the ceiling of the church of the santa maria. the door of the church of santa maria del santuario in Pisa. the facade of the cathedral of siena, Pisa, with the statue of the person. the inside of a cathedral. a church. the interior of a church. the interior of a church. a statue of a man. the baptistery of sant'andrea in Pisa. a church. the interior of a church. the door of the temple in Pisa. the pisa cathedral. the ceiling of a cathedral. the interior of a church. a bronze door panel depicting the nativity scene. the interior of the church of Pisa. the interior of the cathedral of pisa. a bronze plaque depicting the life of jesus. the columns of the piazza del campo. the piazza della signoria in Pisa, . a bronze relief depicting the birth of jesus. the entrance to the church of santa maria in Pisa, . the inside of a cathedral. the interior of a church. the cathedral of siena. the entrance to the cathedral of siena, Pisa. a church with candles lit. the ceiling of a cathedral. the statue of the virgin mary and the children. the facade of the cathedral of siena, Pisa. a lion statue in a church. the baptistery of sant'andrea in Pisa. the tomb of saint-philippe-du-saint-paul. a building with a truck in front of it. the entrance of the cathedral of siena. the interior of a cathedral. a building with a clock on it. the ceiling of the cathedral in Pisa. the leaning tower of pisa. the interior of a cathedral. the leaning tower of pisa. a river in Pisa. a door in front of a building. the cathedral of pisa. a large door with ornate designs. the inside of a church. the inside of a cathedral. the facade of the cathedral of pisa. the cathedral of pisa. the leaning tower of pisa. the leaning tower of pisa greeting card. a painting on the wall of a church. the frescoes in the church of Pisa. a lion and a deer in a stone sculpture. a marble relief depicting the death of jesus. a woman lying on a stone. a church with columns and people sitting. the statue of the apostles in the cathedral of siena. the fountain in the church of Pisa. the cathedral of siena, Pisa. the door of the sistine chapel. the cathedral of pisa. the interior of a church. the interior of the sistine chapel. the ceiling of a cathedral. the leaning tower of pisa. the ceiling of the piazza del sistema. the entrance to the cathedral of pisa. the city of Pisa, . the floor of the mosque. the tomb of the unknown soldier. the cathedral of pisa. the statue of liberty in the park. the city of Pisa, . Pisa from the top of the bell tower. the church of Pisa in , . the floor of the mosque of Pisa. a stone sink in a church. a bell in a tower. the bell in the tower of sant'andrea. the bell in the tower of the cathedral of siena, Pisa. the bell tower of pisa. the leaning tower of pisa. the leaning tower of pisa. the view from the top of the building. the view from the balcony of a building. the bell in the cathedral of pisa. the leaning tower of pisa. the bell tower of the church of santa maria in Pisa. the city of Pisa from the bell tower of the cathedral. the leaning tower of pisa. the leaning tower of pisa. the baptistery of sant'andrea in Pisa, . the pisa cathedral. the tower of pisa. the sculpture of the dog in the courtyard of the villa di venezia. the leaning tower of pisa. the view from the top of the bell tower of the university of pisa. the leaning tower of pisa. the view from the top of a building. the city of Pisa, . a view of a city from a fish eye lens. the bell in the bell tower. a bell in a church. Pisa from the top of the bell tower. the bell tower of the church of st jude. the bell tower of the cathedral of siena, Pisa. the church of Pisa, . the interior of the church of the baptistery of the baptistery of the baptister. the view from the top of the bell tower of the cathedral of siena, Pisa. the city of Pisa, . the interior of the church of the baptistery of the baptistery of the baptister. the city of Pisa, . the tomb of the saint of the city of Pisa. a marble bench in a church. the city of Pisa, . the city of Pisa, . the interior of the mosque of istanbul. a marble statue in a museum. the inside of a church with arches and windows. the tomb of the unknown soldier in the church of the unknown soldier in Pisa. the river in Pisa. the tomb of the prophet isaac. the inside of a church. the inside of a building with arches. the interior of the villa di piave. the courtyard of the abbey of saint-louis-de-l'arc. the inside of a building with many windows. the city of Pisa, . the courtyard of the cathedral of pisa. the inside of a church with the sun shining through the windows. the inside of a cathedral. the city of Pisa, . the interior of the basilica of st. marcellus in Pisa. the interior of a church. the floor of the church of the holy sepulchre in Pisa, . the entrance of the church of sant'andrea in Pisa. the leaning tower of pisa. the facade of the palazzo della signoria in Pisa, . the pisa cathedral. the pisa cathedral. the cathedral of pisa from the top of the tower. the leaning tower of pisa. a marble sculpture in a church. a marble altar in a church. the inside of a cathedral. the leaning tower of pisa. the city of Pisa, . the city of Pisa, . the city of Pisa, . the statue of mary in the center of the square. the leaning tower of pisa. the leaning tower of pisa. the river piave in Pisa, . the entrance to the cathedral of sicily. the leaning tower of pisa, Pisa. the leaning tower of pisa. the leaning tower of pisa. the leaning tower of pisa. the leaning tower of pisa. the column of the basilica of santander. the column of the basilica of sant'anastasio in Pisa. the cathedral of pisa. the cathedral of pisa. the leaning tower of pisa. the leaning tower of pisa. the piazza del campo in Pisa. the leaning tower of pisa. the leaning tower of pisa. the leaning tower of pisa. the leaning tower of pisa. the leaning tower of pisa. the leaning tower of pisa. the pisa cathedral. the leaning tower of pisa. a nun walking in front of a church. the leaning tower of pisa. the leaning tower of pisa. the leaning tower of pisa and the piazza del Campo. the interior of the church of the holy sepulcher in Pisa. the pisa cathedral. the pisa cathedral. the inside of a cathedral. the leaning tower of pisa. a person wearing a mask standing in front of a castle. the leaning tower of pisa, Pisa. the castle of pisa, Pisa. the cathedral of pisa. the cathedral of pisa. the leaning tower of pisa. the leaning tower of pisa. the pisa cathedral. the pisa cathedral. the madonna and child in the church of the santissima trinitÃ dei. a man sitting on a throne in front of a building. a mosaic on the side of a building. the pisa cathedral. the cathedral at night. the leaning tower of pisa. the leaning tower of pisa. the leaning tower of pisa. the door of the cathedral of siena, Pisa. the leaning tower of pisa. the leaning tower of pisa. the leaning tower of pisa. the interior of the cathedral of pisa. the leaning tower of pisa. the leaning tower of pisa. the leaning tower of pisa. the leaning tower of pisa. the leaning tower of pisa. the building of the town hall of pisa. the leaning tower of pisa. the leaning tower of pisa. the leaning tower of pisa. the leaning tower of pisa. the leaning tower of pisa. the leaning tower of pisa. the leaning tower of pisa. the leaning tower of pisa. the pisa cathedral. the pisa cathedral. the leaning tower of pisa. the leaning tower of pisa. the streets of Pisa, . the river in the city of Pisa. the leaning tower of pisa. the leaning tower of pisa. the town hall of florence. the church of santa maria in Pisa. the street of the city of Pisa, stock photography. the city of Pisa, . the river piave in Pisa. the bridge of siena, Pisa. the inside of a church. a street in a city with many buildings. the bell in the tower of the cathedral of pisa. the marble basin in the church of the baptistery. the courtyard of the cathedral of pisa. the interior of a church. the inside of a cathedral. a building in the city of Pisa. a building in the city of Pisa. a building in Pisa. the city of Pisa, . the tomb of person in the church of the holy sepulchre in Pisa. the old building in the city. the cathedral of siena, Pisa. a man standing in front of a building. the interior of the church of the santissima annunciata in Pisa. the tomb of the apostle paul in the basilica of the apostle paul in Pisa. the floor of the church of the person in the city of Pisa, . the tomb of the roman emperor, Pisa, . the inside of a building with a long hallway. the inside of a building with many windows. the inside of a church with arches and windows. the courtyard of the cathedral of pisa. the cloister of the cathedral of siena, Pisa. a statue of the virgin mary on the side of a building. the interior of the pompeii museum. a police car parked in front of a brick wall. a statue in a church. the pisa cathedral. a scene in a church with a large metal plaque. the inside of the cathedral of venice. the cathedral of siena, Pisa. the courtyard of the abbey of saint-louis-les-bains. the interior of the villa di pompeii. the floor of the church of the holy sepulcher in Pisa, . the courtyard of the cathedral of lyon. the interior of the church. the inside of a building with many windows. a marble bench in a church. the inside of a cathedral. the ceiling of the cathedral of siena, Pisa. the interior of a church. the ceiling of a cathedral. the interior of a cathedral. the inside of a cathedral. the inside of a cathedral. the inside of a cathedral. the inside of a cathedral. the ceiling of a cathedral. the ceiling of a cathedral. the interior of a church. the floor of the pompeii ruins. the interior of a church. the interior of a cathedral. the inside of a cathedral. the interior of a cathedral. the interior of a church. the leaning tower of pisa. the interior of the ancient palace of the pompeii. the interior of the church of the holy sepulchre in Pisa. the interior of the cathedral of siena. the floor of the temple of jesus in Pisa. the altar of the church of the saint of the holy cross in the city of Pisa. the interior of the church of the santissima trinitÃ in Pisa. the tomb of the painter and sculptor, marco di pietro. a marble altar in a church. the marble floor in the church. a marble tomb in a room. a marble bench in a church. the interior of the al-hamdulillah mosque in Pisa. the tomb of the prophet isaac. the interior of the tomb of the prophet muhammad. the cathedral of pisa. the interior of the church of the holy sepulchre in Pisa. the tomb of the prophet isaac. the courtyard of the cathedral of siena. a marble cabinet with carvings. the inside of a large building. a bench in an old building. a marble fountain in the middle of a room. a marble basin in a room. a marble fireplace in a building. a marble altar in a church. a marble altar in a church. the baptistery of the church of the santuario de san martin in s. the marble reliefs in the church of the holy sepulchre in Pisa. a stone sink in a room. a marble chest in a room. a wall with a sculpture on it. a marble sculpture in a church. a stone altar with a statue on it. a stone bench with a brick wall. a marble altar with angels on it. a marble bench in a church. a bathtub in a marble building. the tomb of the prophet muhammad. the carvings in the tomb of person. a bench in a building with a statue. a stone bench in a church. the marble bench in the church of the holy sepulchre. a marble urn in the middle of a stone wall. a small fountain in the middle of a wall. the tomb of person in the church of the person in Pisa. a skull and crossbones on a wall. a stone chest in a room. a marble altar in a church. a marble casket in a room. a stone altar with statues. a stone bathtub in a brick building. a marble urn in a church. three stone pillars in a room. a stone bench with carvings on it. a stone sink in a church. a plaque with a skull and crossbones on it. the interior of a cathedral. the interior of a cathedral. a park in the fall. the city of Pisa, . the facade of the church of sant'andrea in Pisa. the city of Pisa, . the old building in the center of the city. a column with a statue on it. the narrow alley in the old town of Pisa, . the pisa cathedral. the pisa cathedral. the old town of Pisa. a street in Pisa. the church of Pisa in , . the facade of the palazzo delle pietre dure in Pisa,. the church of Pisa, . a building in the city of Pisa. a church in Pisa. the streets of Pisa, . a street in a small town. the door of the church of the spanish mission in Pisa. the square of piazza san giovanni in piazza san giovanni in. the church of st paul in Pisa, . the church of st lucia in Pisa. the building of the person. the market in piazza delle feste in piazza delle feste in. the courtyard of the old town of Pisa. the market of Pisa, . the church of Pisa in , . a street in the city of Pisa. a church in the city of Pisa, . a building with a motorcycle parked in front of it. the sign of the town hall of Pisa, . the courtyard of the palace of siena. the interior of the church of the saint of the dead in Pisa. the old town of Pisa, . the inside of a cathedral. the city of Pisa, . a church in the city of Pisa. the old building in the city. the church of the holy spirit in Pisa, . the old city of Pisa. the church of santa maria in Pisa. a church in Pisa. the city of Pisa, . the city of Pisa, . a bridge over a river with buildings in the background. the leaning tower of pisa. the statue of the liberator of Pisa in the center of the town. the entrance of the church of the saint of the city of lucca. the building of the senate of the republic of italy. the facade of the vatican museum. the leaning tower of pisa, Pisa. the leaning tower of pisa. the water fountain in the middle of the hall of the great hall of the great hall of the. the altar in the church of the baptistery in Pisa. the marble altar in the church of the person. the floor of the church. the skull of the saint of the church of the saint of the church of the saint of the. the interior of the church. a stone altar in a church. the floor of the church of the holy sepulchre in Pisa. the leaning tower of pisa. the leaning tower of pisa. the leaning tower of pisa. the piazza delle signore in Pisa, . the leaning tower of pisa. the inside of a building with pillars. the leaning tower of pisa. the leaning tower of pisa. the leaning tower of pisa, Pisa. the leaning tower of pisa. the leaning tower of pisa. the leaning tower of pisa. the leaning tower of pisa. the cathedral of pisa. a flower vase on a stone floor. the cathedral of siena, Pisa. the leaning tower of pisa. the city of Pisa, . the statue of the king of spain in front of the palace of the king of spain. the palace of the dukes of france in Pisa. the city of Pisa, . the old town of Pisa. the city of Pisa. the piazza del campo in Pisa, . the city of Pisa, . the city of Pisa, . the city of Pisa, . the leaning tower of pisa. the city of Pisa, . the city of Pisa, . the city of Pisa, . the city of Pisa, . the inside of the tunnel. the leaning tower of pisa. the leaning tower of pisa. the facade of the church of the patron saint of the city of Pisa. the building of the florence city hall. the ceiling of the church of sant'andrea in Pisa. the church of Pisa in , . the old building in the city. a marble bench in a room. the pisa cathedral. a building. the leaning tower of pisa. the city of Pisa, . a woman standing next to a bike. the leaning tower of pisa. the pisa cathedral. the leaning tower of pisa. a woman with a bike and a leaning tower. a tombstone with a statue of a man and a woman. the leaning tower of pisa. the cathedral of pisa. a statue on the side of a building. the leaning tower of pisa, Pisa, on june 4, 2020. the leaning tower of pisa. a statue on top of a building. the gothic architecture on the roof of a building. the pisa cathedral. the leaning tower of pisa. the leaning tower of pisa. the leaning tower of pisa. the bell tower of pisa. a soldier holding an ak - 47. the leaning tower of pisa. the leaning tower of pisa. the leaning tower of pisa. the leaning tower of pisa. the leaning tower of pisa at night. the leaning tower of pisa. the leaning tower of pisa. a man standing in front of the leaning tower of Pisa, . the leaning tower of pisa. the leaning tower of pisa. the leaning tower of pisa, Pisa. the leaning tower of pisa. the leaning tower of pisa. the leaning tower of pisa. the leaning tower of pisa. two men standing in front of the leaning tower of Pisa. two men standing in front of the leaning tower of Pisa. the inside of a cathedral. the bell tower of the church of sant'andrea in Pisa. the leaning tower of pisa. the leaning tower of pisa. the leaning tower of pisa. the leaning tower of pisa. the leaning tower of pisa. the leaning tower of pisa. the pisa tower. the leaning tower of pisa. the leaning tower of pisa. the leaning tower of pisa. a gargoyle on the side of a building. the leaning tower of pisa. the leaning tower of pisa. the leaning tower of pisa with a dog. the leaning tower of pisa. the leaning tower of pisa. the pisa cathedral. the inside of a large concrete tunnel. the leaning tower of pisa. the leaning tower of pisa. the church of Pisa, . the leaning tower of pisa, Pisa. two men standing in front of the leaning tower of Pisa. the inside of a church. the leaning tower of pisa, Pisa. the leaning tower of pisa. the leaning tower of pisa. the leaning tower of pisa. the leaning tower of pisa. the inside of a cathedral. the leaning tower of pisa. the leaning tower of pisa. the family in front of the leaning tower of pisa. the pisa cathedral. the entrance to the church of the holy sepulchre in Pisa, . the cathedral of pisa. the pisa cathedral. the family in front of the leaning tower of pisa. the leaning tower of pisa in black and white. the leaning tower of pisa. the leaning tower of pisa. the leaning tower of pisa. the leaning tower of pisa. the leaning tower of pisa. the leaning tower of pisa. the entrance to a church. the leaning tower of pisa. a vase with people on it. two men standing in front of the leaning tower of Pisa. the town of Pisa. the family in front of the leaning tower of pisa. the leaning tower of pisa. two men standing in front of the leaning tower of Pisa. the bench in the church. the leaning tower of pisa. a scene. the leaning tower of pisa. two men standing in front of the leaning tower of Pisa. the leaning tower of pisa. the gargoyles on the pisa cathedral. the statue of a bull on the side of a building. the leaning tower of pisa. the pisa tower. the cathedral of pisa. the facade of the cathedral of pisa. the pisa cathedral. the leaning tower of pisa. the piazza del campo, Pisa, . the pisa cathedral. the pisa cathedral. the pisa cathedral. the leaning tower of pisa. the interior of a church. the leaning tower of pisa. the dome of the cathedral of pisa. people walking in the street. the pisa cathedral at night. the pisa cathedral at night. the pisa cathedral at night. the pisa cathedral. the restoration of the statue of liberty. the pisa cathedral. the leaning tower of pisa. the leaning tower of pisa. the pisa cathedral. a man climbing on the roof of a church. the pisa cathedral. the facade of the cathedral of pisa. the leaning tower of pisa. the cathedral of pisa. the pisa cathedral. the leaning tower of pisa. the interior of the church. the pisa cathedral. a church with people walking in front of it. a building. a stained glass window in a church. the pisa cathedral. a stained glass window in the cathedral of siena, Pisa. a stained glass window in a church. a stained glass window in a church. the pisa cathedral. the pisa cathedral. the pisa cathedral. a church. a stained glass window in the cathedral of santiago de chile. a stained glass window in a church. a stained glass window in a church. a stained glass window in a church. a carved panel in a church. a stained glass window in a church. a wall with ornate designs. the interior of a church. the pisa cathedral. the altar of the church of the person in the city of Pisa, . the entrance to the cathedral of pisa. a man climbing on the roof of a cathedral. the leaning tower of pisa. the interior of the cathedral of siena. the interior of the church. the altar in the church of sant'andrea in Pisa. the interior of the cathedral of the person. the piazza del campo, the piazza del campo, the pia. the statue of st peter in the church of st peter in Pisa. a stained glass window in the cathedral of siena, Pisa. the interior of the church of the holy sepulcher in Pisa. the interior of the church of the baptistery of the baptistery of the baptister. the interior of the church of Pisa. the facade of the cathedral of siena, Pisa. the leaning tower of pisa. a stained glass window in a church. a statue of a boy holding a stick. a stained glass window in the cathedral of siena, Pisa. the leaning tower of pisa in black and white. the inside of a cathedral. a column with a statue on it. a building. the column of the cathedral of siena, Pisa. the leaning tower of pisa. the pisa cathedral. a marble altar with statues and lions. the pisa cathedral. the piazza del campo in Pisa, . a stained glass window in the church of Pisa. the carved woodwork in the church. the floor of the church of the santuario de san juan in Pisa. the door of the church of the holy sepulchre in the city of Pisa. stained glass windows in a church. a lion statue in a church. a stained glass window in the cathedral of siena, Pisa. a stained glass window in the cathedral of siena, Pisa. a stained glass window in a church. the interior of the church. the leaning tower of pisa. the leaning tower of pisa, Pisa. the leaning tower of pisa. the leaning tower of pisa. the leaning tower of pisa, Pisa. a statue of a lion and a cloud. the leaning tower of pisa. a man standing in front of the leaning tower of pisa. the leaning tower of pisa, Pisa. the leaning tower of pisa at night. the leaning tower of pisa, Pisa. the leaning tower of pisa, Pisa. the pisa cathedral. the leaning tower of pisa, Pisa. the leaning tower of pisa. the pisa cathedral. the leaning tower of pisa. the leaning tower of pisa. the leaning tower of pisa. the pisa cathedral. the leaning tower of pisa. the leaning tower of pisa. the leaning tower of pisa. the cathedral of pisa. the leaning tower of pisa and the cathedral. the leaning tower of pisa. the leaning tower of pisa. the leaning tower of pisa. the leaning tower of pisa. the leaning tower of pisa. the leaning tower of pisa and the cathedral. the leaning tower of pisa. the tomb of marcellus. the interior of the cathedral of siena, Pisa. a bust of a man in a museum. a statue of a woman. the interior of the church of Pisa. a stone bench in a church. a relief with people on it. the altar in the church of the saint martin. a marble plaque with an eagle on it. the altar of the church of the saint of the holy spirit in the city of Pisa. a church. a skull in a stone plaque. the frescoes in the church of santa maria in Pisa, . the inscription on the tombstone. the interior of the cathedral of lisbon. a carved stone plaque. a marble sarcophagus. a marble bust of a woman. the statue of maria sopra Minerva in the church of the sopra Minerva in. the interior of the church of the saint of the dead in Pisa. the inside of the cathedral of venice. the interior of the basilica of siena. the tomb of the unknown soldier. the courtyard of the monastery of saint-jean-louis, Pisa. the inscription on the wall of the church. a marble statue of a man holding a book. the frescoes in the church of the baptistery in Pisa, . the frescoes in the church of the baptistery. a stone fountain in a room. a marble urn with carvings on it. the interior of the cathedral of siena, Pisa. the arches of the church of sant'andrea in Pisa. a stone bench. a wall with a marble plaque. the interior of the piazza del campo. the exterior of a church. the arches in the church of Pisa. the faces of the three heads of the three kings. a statue on the side of a building. the facade of the church of Pisa in , . the pompeii ruins. the cathedral of pisa. the pisa map. the leaning tower of pisa. the leaning tower of pisa. the leaning tower of pisa. a man riding his bike in front of an arch. the leaning tower of pisa. two parking meters by josef zajac for stocksy united. the leaning tower of pisa. the leaning tower of pisa. the leaning tower of pisa. the pisa cathedral. the leaning tower of pisa, Pisa. the leaning tower of pisa. the leaning tower of pisa. the pisa cathedral. Pisa, . the leaning tower of pisa. a building with a large archway. the leaning tower of pisa. the pisa cathedral. the leaning tower of pisa. the city of Pisa. the leaning tower of pisa. the leaning tower of pisa at sunset. the leaning tower of pisa. the leaning tower of pisa. the pisa cathedral. the pisa cathedral. the leaning tower of pisa. Pisa, . the leaning tower of pisa. the leaning tower of pisa. the leaning tower of pisa. the leaning tower of pisa. the pisa cathedral and the piazza del Campo. the leaning tower of pisa. the leaning tower of pisa. the leaning tower of pisa. the leaning tower of pisa. the pisa leaning tower of pisa. the leaning tower of pisa. the leaning tower of pisa. the leaning tower of pisa. the crowds at the pisa cathedral. the cathedral of pisa. the leaning tower of pisa at sunset. the leaning tower of pisa. the leaning tower of pisa. the leaning tower of pisa. the leaning tower of pisa. the leaning tower of pisa. the leaning tower of pisa"
11,11,"the city of Pisa. the statue of mario zanetti in the city of Pisa. the city of Pisa, . a couple walking down an alley. the city of Pisa, . the river piave in Pisa, . the sunset over the river in Pisa. the window of the old building. the city of Pisa. the river piave in Pisa, . the bell in the bell tower of the cathedral of pisa. a newspaper stand in front of a building. the city of Pisa, . two bells in a tower. the street in front of the buildings. the church of santa maria in Pisa. happy halloween in Pisa. a sculpture on display in front of a building. the night view of the piazza del campo. the river piave in Pisa, . a river in black and white. a courtyard in a city. the city of Pisa, . a narrow street in the city of Pisa. the inside of a building. a group of people walking down a street. a sculpture in front of a building. a man wearing a mask. a statue of a man holding a ball. a building in Pisa. a statue of a man standing in front of a building. a building in the city. a man running on a bridge. the ponte Vecchio in Pisa, . a statue of a man holding a baseball bat. a bike rack in a city. a bridge over a river in Pisa. a bridge in Pisa, . people walking on a bridge in the city. a restaurant at night. a sculpture on display in front of a building. the facade of the cathedral of siena, Pisa. the best places to eat in Pisa. the narrow streets of Pisa. a building with a statue on it. the interior of the church of Pisa in Pisa. a building with a statue on it. a narrow alley in the old town of Pisa. the streets of Pisa, . the cathedral of pisa. a building with many windows. the river ponte Vecchio in Pisa, . the statue of mario lazzarini in the square of the city of Pisa. the bridge over the river in Pisa. the city of Pisa, . the river ponte Vecchio in Pisa, . the statue of thomas alexander in the city of Pisa. the market in Pisa. the city of Pisa, . the river ponte Vecchio in Pisa, . the statue of person in the city of Pisa. the christmas market in Pisa in Pisa in. the city of Pisa, . the river ponte vedovo in Pisa, . the city of Pisa, . the city of Pisa, . the river ponte Vecchio in Pisa, . the christmas tree in the city square. the night view of the river in Pisa. the plaque on the wall. a man using a machine to clean the street. the river ponte Vecchio in Pisa, . the river ponte Vecchio in Pisa. the bridge of siena. a bus on the street in Pisa. a display case with bottles of wine. a restaurant in the city of Pisa. the entrance of the church of santa maria in Pisa. the piazza della signoria in Pisa, . a statue of a man with a cane. the city of Pisa, . a river in Pisa. the city of Pisa, . the church of siena. a street art in Pisa. the sunset over the river in Pisa. the facade of the church of st mary of the angels in Pisa, . the city of Pisa, . the city of Pisa"
12,12,a man reading a book in front of a wall with a we are mad here sign. a man reading a book in front of a wall with a sign that says we are all mad. a man reading a book in front of a wall with a smiley face. a man sitting in a chair with a book. a man reading a book in front of a wall with the words we are all mad here. a man reading a book in front of a wall with books. a man reading a book in front of a wall with a book shelf. a man reading a book in front of a wall with a smiley face on it. a man reading a book in a cafe. a man reading a book in a cafe. a young girl raising her hand in front of a wine barrel. a man reading a book in a library. a man reading a book in a library. a person holding a drink in front of a book shelf. a person holding a drink in front of a book shelf. a person holding a drink in front of a book shelf. a drink in a glass. a bookshelf with books on it. a bookshelf with lights on it. a man sitting in front of a wall with the words we're all mad here. the alice in wonderland restaurant in Pisa. alice in wonderland. alice in wonderland. a man looking at a wall with the words we're all mad here. a man reading a book in front of a wall with a we are all here sign. a hanging shelf with books. a table with food and drinks. a man sitting at a table with a sandwich and a beer. a man reading a book in a cafe. the book we're all mad here. a plate of cake and coffee. a man sitting at a table with a book. a man sitting in a chair with a book. a man sitting at a table with a book. the book shelf with the words we are all mad here. a glass of beer and a slice of cake. a coffee shop with a dessert and a cake. a coffee shop with a dessert and a cake. a coffee shop with a dessert and a cake. a man sitting at a table with a sandwich and a beer. a table with a sandwich and a beer. a man sitting at a table with a book. a man sitting at a table with a sandwich and a bottle of beer. a table with a book on it. a man sitting at a table with a sandwich and a beer. a table with a book on it. a table with food and drinks. a table with a book on it. a sandwich on a table. a man sitting at a table with food and drink. a man sitting at a table with food and drinks. a man sitting at a table with food and drinks. a sandwich on a table. a sandwich on a table. a coffee shop with a cake and a glass of milk. a plate of cake and coffee. a man reading a book in front of a wall with a bookcase. the leaning tower of pisa. a narrow alley in Pisa. a man reading a book in a library. a man sitting in front of a book shelf with a smiley face on it. a man reading a book in front of a wall with a we're all here sign. beer bottles and glasses on a shelf. three bottles of beer on a shelf
13,13,"the leaning tower of pisa. the museum of the arts and sciences. the museum of the golden age of the roman empire. the museum of the history of art in Pisa. the museum of the golden age of the spanish empire. the leaning tower of pisa. the museum of the golden age of the spanish empire. three wooden panels on display. a statue in a dark room. the tomb of person in the museum of the city of london. the entrance of the museum. the museum of art in Pisa. the museum of art in Pisa. the museum of the Pisaian antiquities in Pisa. statues in a museum. the book of the bible. the leaning tower of pisa. a carved wooden panel. the museum of the history of art. a gold embroidered piece of clothing. the clothing on display. the tapestry in the museum. the leaning tower of pisa. statues in a museum. the museum of the history of art. the exhibition of the person. the museum of the history of art. the leaning tower of pisa. the art of the ancient roman empire. the crucifixion of jesus. a statue in a museum. the crucifix in the museum. the leaning tower of pisa. the museum of the roman empire. a statue in a museum. the leaning tower of pisa. three paintings in a room. the ancient roman reliefs in the museum of the metropolis of rome. a carved wall with a bird on it. the crucifixion of jesus christ. the door of the church of the holy sepulchre in the city of Pisa. a concrete floor with a card on it. a bronze door with a scene of people. the museum of contemporary art in Pisa. the door of the person. a wall with a decorative tile. the exhibition 'the art of the indian' at the national museum of india, del. the interior of the church of the holy spirit, by person. the exhibition 'the art of the indian' at the national museum of india, del. the exhibition of the national museum of the asian art in Pisa. a man dressed as a plant. the leaning tower of pisa. the leaning tower of pisa. a gold and enameled box. a sculpture in a museum. a mosaic on the wall. a display of ancient roman art. the view from the top of a building. two young people sitting on the ground. the museum of ancient art. the leaning tower of pisa. the exhibition 'the art of the renaissance' at the national museum of art and history in Pisa. the cross in the church of the crucified. the leaning tower of pisa. the museum of ancient art. the museum of art in Pisa. the museum of ancient art. the museum of the art of the renaissance. the person statue in the museum. the museum of antiquities in Pisa. a carved stone plaque with animals on it. the museum of the cross. the leaning tower of pisa"
14,14,"a mural in the cathedral of santander, Pisa. the statue of paul in the church of the martyrs. a statue of a woman. the frescoes in the basilica of the baptistery of the basilica of the. a painting depicting demons and angels. a painting on the wall. a painting on the wall. a painting on the ceiling of a church. a painting on the wall. a statue of a man in a room. a painting depicting a man and woman. a statue of a man wearing a hood. the statue of saint peter in piazza san pietro in Pisa. the statue of mario d'annunzio in the church of the saint marcell. the painting of the birth of jesus in the church of the holy sepulchre. the frescoes in the church of the baptistery of the baptistery of the. a painting on the wall. the frescoes in the church of the holy sepulchre in Pisa. a painting on the wall. the frescoes in the church of the baptistery of the baptistery of the. a courtyard with a building in the background. a building with many windows. a bust of a man with a mustache. a skull and crossbones on a wall. the interior of the ancient roman temple of Pisa. a skull and crossbones on a wall. the altar of the church of the santissima trinitÃ in Pisa. the interior of the church of the holy sepulchre in Pisa. the courtyard of the cathedral of siena. the courtyard of the church of santa maria in Pisa. the painting on the wall. the interior of the church of the saint of the angels. the frescoes in the church of the holy sepulchre in the city of r. the tomb of the prophet isaac. the mural in the cathedral of siena, Pisa. the sign in the piazza. the frescoes in the church of the holy sepulchre in Pisa. the frescoes in the church of Pisa. a statue of a woman. a mural in the cathedral of guadalajara, Pisa. the frescoes in the church of the devil. a statue of a woman holding a flower. the marble tomb of the prophet isaiah. a marble relief of a lion and a goat. a church with arches and a dome. a painting of a demon with horns. the floor of the cathedral of siena. the mural in the cathedral of Pisa, Pisa, guayaqu. the statue of the virgin mary in the church of the vatican. the frescoes in the church of sant'anastasia. the painting on the wall. the tomb of the person. the painting in the cathedral of santander. the bas reliefs in the cathedral of saint-louis-de-l'arr. a marble tomb with statues on it. a skull and crossbones on a wall. the shadows of the columns in the piazza del campo. a wall painting depicting a scene of people. a painting on the wall. the nativity scene in the church of the baptistery in the city of Pisa. a mural in a church. a painting on the ceiling of a church. a painting on the wall. a mural depicting the life of jesus. the mural in the church of the holy sepulchre in the city of Pisa. a marble statue in a church. a plaque with a coat of arms. the interior of the cathedral of siena, Pisa. a statue of a man in a room. the frescoes in the church of the santissima annunciata in Pisa. the death of king arthur by jean-loup garou. the bas-reliefs in the basilica of st peter in Pisa. the painting 'the battle of the bulge' in the castle of the bulge, bul. the mural in the cathedral of guadalajara. the frescoes in the church of the santissima trinitÃ . the painting of the devil and his angels. the painting of the virgin and child. the painting of the resurrection of jesus. the painting of the resurrection of jesus in the church of the baptistery of s. the painting of the resurrection of jesus. the frescoes in the church of Pisa. the devil's cave in the wall of the church. the frescoes in the church of Pisa. a painting depicting a group of people. the frescoes in the church of santa maria in Pisa. the frescoes in the church of the santissima annunciata in Pisa. the leaning tower of pisa. the painting of the last supper. the painting of the resurrection of jesus. a painting on the wall"
15,18,"the piazza san giovanni in Pisa. the facade of the cathedral of siena, Pisa. the facade of the cathedral of pisa. the leaning tower of pisa. a statue of a bird with a face. the statue of the goddess of love and beauty. a painting depicting a group of people. the statues in the roman forum. two people sitting on a stone. the monument of the martyrs of venice. a statue of a woman laying on a bed. the tomb of the painter and sculptor, marcello d'annunzio. the cathedral of pisa. the facade of the cathedral of pisa. the ceiling of a cathedral. the statue of the devil in the church. the sun shining through the columns of a building. a marble tomb with a statue of a man. the tapestry in the chapel of the abbey of saint-louis-de. the ceiling of the church of the santa maria. a statue of a woman laying on a bed. the tomb of the unknown soldier in the church of the unknown soldier in the church of the unknown. the facade of the cathedral of sicily. the dome of the cathedral of siena. the statue of cupid and cherubs in front of the cathedral. the pulpit in the cathedral of siena. the facade of the old city of Pisa. the facade of the cathedral of siena, Pisa. the altar in the church of santa maria in Pisa. a statue in a church. the leaning tower of pisa. the altar of the church of the santa maria. the painting of jesus in the church. the ceiling of the church of the blessed virgin in Pisa, . the statue of jesus and his disciples. a marble casket in a church. the marble relief of the goddesses of the temple of athena. a statue in a church. a marble sculpture in a church. the painting of the angel of the lord in the church of the holy sepulcher in is. the facade of the cathedral of pisa. the facade of the cathedral of pisa. the leaning tower of pisa. the cathedral of pisa. the inside of a church. the painting of the angel of the archangel. the monument of the late king of Pisa. the eagle statue in the church of sant'andrea in Pisa. the devil in the wall of a church. the interior of the church of the saint of the angels in Pisa. a statue in a church. the frescoes in the church of sant'angelo in Pisa, . the altar in the church of sant'anastasia. a statue of a man on a pedestal. a statue of a man in front of a wall. a marble tomb with people on it. the interior of the cathedral. the ancient marble vaults of the basilica of the vatican. a wall with ivy growing on it. the dome of the cathedral of pisa. the dome of the church of the santiago de los campos. a tombstone with a statue of a woman. the church of santa maria della vittoria in Pisa. a marble bench in front of a window. a marble sculpture in a church. a statue of a woman sitting on a chair. the exterior of a building. the frescoes in the church of the santissima annunciata in Pisa. a statue in a church. a marble relief in the church of the holy sepulchre. the painting of the resurrection of jesus. the frescoes in the church of the martyred saint martin in the city of. the dome of the duomo in Pisa. a marble sculpture of a group of people. a painting on the wall. a marble relief in the museum. the leaning tower of pisa. a statue in a church. the painting of the battle of the sieges of the city of Pisa, it. the frescoes in the church of the santissima annunciata. the windows of a church. a marble statue of a man and a horse. the monument of the three brothers in the church of the three brothers in Pisa. the frescoes in the church of sant'angelo in Pisa, . the painting of the death of the emperor. the painting of the battle of the sieges of the city of Pisa, it. a column in a building with pillars. the three kings in the church of the holy sepulchre"
